SubCategory,MainCategory
Advertising/marketing,Advertising/marketing
Advertising agency,Advertising/marketing
Copywriting service,Advertising/marketing
Internet marketing service,Advertising/marketing
Market research consultant,Advertising/marketing
Marketing agency,Advertising/marketing
Media agency,Advertising/marketing
Merchandising service,Advertising/marketing
Public relations agency,Advertising/marketing
Social media agency,Advertising/marketing
Telemarketing service,Advertising/marketing
Agriculture,Agriculture
Agricultural cooperative,Agriculture
Agricultural service,Agriculture
Farm,Agriculture
Dairy farm,Agriculture
Fish farm,Agriculture
Livestock farm,Agriculture
Poultry farm,Agriculture
Urban farm,Agriculture
Arts & entertainment,Arts & entertainment
Adult entertainment club,Arts & entertainment
Amusement & theme park,Arts & entertainment
Water park,Arts & entertainment
Aquarium,Arts & entertainment
Arcade,Arts & entertainment
Art gallery,Arts & entertainment
Betting shop,Arts & entertainment
Bingo hall,Arts & entertainment
Casino,Arts & entertainment
Cinema,Arts & entertainment
Drive-in cinema,Arts & entertainment
Circus,Arts & entertainment
Dance club & nightclub,Arts & entertainment
Escape game room,Arts & entertainment
Haunted house,Arts & entertainment
Karaoke,Arts & entertainment
Museum,Arts & entertainment
Art Museums,Arts & entertainment
Asian art museum,Arts & entertainment
Cartoon museum,Arts & entertainment
Contemporary art museum,Arts & entertainment
Costume museum,Arts & entertainment
Decorative arts museum,Arts & entertainment
Design museum,Arts & entertainment
Modern art museum,Arts & entertainment
Photography museum,Arts & entertainment
Textile museum,Arts & entertainment
Aviation museum,Arts & entertainment
Children's museum,Arts & entertainment
History museum,Arts & entertainment
Civilisation museum,Arts & entertainment
Community museum,Arts & entertainment
Science museum,Arts & entertainment
Computer museum,Arts & entertainment
Observatory,Arts & entertainment
Planetarium,Arts & entertainment
Sport museum,Arts & entertainment
Performance & event venue,Arts & entertainment
Amphitheatre,Arts & entertainment
Auditorium,Arts & entertainment
Comedy club,Arts & entertainment
Jazz & blues club,Arts & entertainment
Live music venue,Arts & entertainment
Opera house,Arts & entertainment
Performance art theatre,Arts & entertainment
Pool & billiards hall,Arts & entertainment
Racing track,Arts & entertainment
Salsa club,Arts & entertainment
Zoo,Arts & entertainment
Petting zoo,Arts & entertainment
Wildlife sanctuary,Arts & entertainment
"Beauty, cosmetic & personal care","Beauty, cosmetic & personal care"
Barber's,"Beauty, cosmetic & personal care"
Beauty salon,"Beauty, cosmetic & personal care"
Hair salon,"Beauty, cosmetic & personal care"
Nail salon,"Beauty, cosmetic & personal care"
Tanning salon,"Beauty, cosmetic & personal care"
Beauty supplier,"Beauty, cosmetic & personal care"
Hair extensions service,"Beauty, cosmetic & personal care"
Hair removal service,"Beauty, cosmetic & personal care"
Laser hair removal service,"Beauty, cosmetic & personal care"
Sugaring service,"Beauty, cosmetic & personal care"
Threading service,"Beauty, cosmetic & personal care"
Waxing service,"Beauty, cosmetic & personal care"
Hair replacement service,"Beauty, cosmetic & personal care"
Image consultant,"Beauty, cosmetic & personal care"
Make-up artist,"Beauty, cosmetic & personal care"
Skincare service,"Beauty, cosmetic & personal care"
Spa,"Beauty, cosmetic & personal care"
Aromatherapy service,"Beauty, cosmetic & personal care"
Day spa,"Beauty, cosmetic & personal care"
Health spa,"Beauty, cosmetic & personal care"
Massage service,"Beauty, cosmetic & personal care"
Onsen,"Beauty, cosmetic & personal care"
Tattoo & piercing shop,"Beauty, cosmetic & personal care"
Commercial & industrial,Commercial & industrial
Automation service,Commercial & industrial
Commercial & industrial equipment supplier,Commercial & industrial
Environmental service,Commercial & industrial
Environmental consultant,Commercial & industrial
Geological service,Commercial & industrial
Occupational health and safety service,Commercial & industrial
Recycling centre,Commercial & industrial
Forestry & logging,Commercial & industrial
Forestry service,Commercial & industrial
Logging contractor,Commercial & industrial
Hotel services company,Commercial & industrial
Industrial company,Commercial & industrial
Inventory control service,Commercial & industrial
Manufacturer/Supplier,Commercial & industrial
Aircraft manufacturer,Commercial & industrial
Appliance manufacturer,Commercial & industrial
Bag and suitcase company,Commercial & industrial
Clothing company,Commercial & industrial
Clothing distributor,Commercial & industrial
Glass manufacturer,Commercial & industrial
Jewellery & watches company,Commercial & industrial
Jewellery wholesaler,Commercial & industrial
Machine shop,Commercial & industrial
Mattress manufacturer,Commercial & industrial
Metal & steel company,Commercial & industrial
Metal fabricator,Commercial & industrial
Metal plating service,Commercial & industrial
Metal supplier,Commercial & industrial
Mining company,Commercial & industrial
Granite & marble supplier,Commercial & industrial
Plastic company,Commercial & industrial
Plastic fabricator,Commercial & industrial
Plastic manufacturer,Commercial & industrial
Textile company,Commercial & industrial
Tobacco company,Commercial & industrial
Education,Education
Academic camp,Education
Archaeological service,Education
Educational consultant,Education
Educational research centre,Education
School,Education
Art school,Education
Medical school,Education
Middle School,Education
Middle school,Education
Nursery,Education
Nursery,Education
Performing arts school,Education
Primary school,Education
Private school,Education
Religious School,Education
Secondary school,Education
State school,Education
Specialist school,Education
Aviation school,Education
Bartender school,Education
Computer training school,Education
Cooking school,Education
Cosmetology school,Education
Dance school,Education
Driver improvement course,Education
Driving school,Education
First aid course,Education
Flight school,Education
Language school,Education
Massage school,Education
Music school,Education
Nursing school,Education
Painting lessons,Education
Vocational school,Education
Test preparation centre,Education
Tutor/Teacher,Education
University,Education
Higher education,Education
Finance,Finance
Bank,Finance
Commercial bank,Finance
Credit union,Finance
Investment bank,Finance
Retail bank,Finance
Financial service,Finance
Accountant,Finance
Bank equipment & service,Finance
Cash advance service,Finance
Collection agency,Finance
Credit counselling service,Finance
Currency exchange,Finance
Financial aid service,Finance
Financial consultant,Finance
Financial planner,Finance
Franchise broker,Finance
Loan service,Finance
Tax preparation service,Finance
Insurance company,Finance
Insurance agent,Finance
Insurance broker,Finance
Investing service,Finance
Brokerage,Finance
Investment management company,Finance
Hedge fund,Finance
Food & drink,Food & drink
Bagel shop,Food & drink
Bakery,Food & drink
Wholesale bakery,Food & drink
Bar,Food & drink
Beer garden,Food & drink
Champagne bar,Food & drink
Cocktail bar,Food & drink
Dive bar,Food & drink
Gay bar,Food & drink
Hookah lounge,Food & drink
Hotel bar,Food & drink
Irish pub,Food & drink
Lounge,Food & drink
Pub,Food & drink
Pub/Bar,Food & drink
Sake bar,Food & drink
Speakeasy,Food & drink
Sports bar,Food & drink
Tiki bar,Food & drink
Whisky bar,Food & drink
Wine bar,Food & drink
Bottled water company,Food & drink
Brewery,Food & drink
Bubble tea shop,Food & drink
Butcher's shop,Food & drink
Cafeteria,Food & drink
Café,Food & drink
Coffee shop,Food & drink
Pet café,Food & drink
Tea room,Food & drink
Caterer,Food & drink
Cheese shop,Food & drink
Convenience store,Food & drink
Deli,Food & drink
Dessert shop,Food & drink
Chocolate shop,Food & drink
Cupcake shop,Food & drink
Frozen yogurt shop,Food & drink
Gelateria,Food & drink
Ice cream shop,Food & drink
Shaved ice shop,Food & drink
Sweet shop,Food & drink
Distillery,Food & drink
Doughnut shop,Food & drink
Farmers' market,Food & drink
Food consultant,Food & drink
Food delivery service,Food & drink
Food service distributor,Food & drink
Food stall,Food & drink
Food wholesaler,Food & drink
Meat wholesaler,Food & drink
Restaurant wholesaler,Food & drink
Personal chef,Food & drink
Restaurant,Food & drink
Afghan restaurant,Food & drink
African restaurant,Food & drink
Ethiopian restaurant,Food & drink
Nigerian restaurant,Food & drink
Senegalese restaurant,Food & drink
South African restaurant,Food & drink
American restaurant,Food & drink
Arabian restaurant,Food & drink
Asian restaurant,Food & drink
Asian fusion restaurant,Food & drink
Burmese restaurant,Food & drink
Cambodian restaurant,Food & drink
Chinese restaurant,Food & drink
Anhui restaurant,Food & drink
Beijing restaurant,Food & drink
Cantonese restaurant,Food & drink
Dim sum restaurant,Food & drink
Dongbei restaurant,Food & drink
Fujian restaurant,Food & drink
Guizhou restaurant,Food & drink
Hainan restaurant,Food & drink
Henan restaurant,Food & drink
Hong Kong restaurant,Food & drink
Hot pot restaurant,Food & drink
Huaiyang restaurant,Food & drink
Hubei restaurant,Food & drink
Hunan restaurant,Food & drink
Imperial restaurant,Food & drink
Jiangsu restaurant,Food & drink
Jiangxi restaurant,Food & drink
Macanese restaurant,Food & drink
Manchu restaurant,Food & drink
Shaanxi restaurant,Food & drink
Shandong restaurant,Food & drink
Shanghainese restaurant,Food & drink
Shanxi restaurant,Food & drink
Szechuan/Sichuan restaurant,Food & drink
Tianjin restaurant,Food & drink
Xinjiang restaurant,Food & drink
Yunnan restaurant,Food & drink
Zhejiang restaurant,Food & drink
Filipino restaurant,Food & drink
Indo-Chinese restaurant,Food & drink
Indonesian restaurant,Food & drink
Acehnese restaurant,Food & drink
Balinese restaurant,Food & drink
Betawinese restaurant,Food & drink
Javanese restaurant,Food & drink
Manadonese restaurant,Food & drink
Padangnese restaurant,Food & drink
Sundanese restaurant,Food & drink
Japanese restaurant,Food & drink
Donburi restaurant,Food & drink
Kaiseki restaurant,Food & drink
Kushikatsu restaurant,Food & drink
Monjayaki restaurant,Food & drink
Nabe restaurant,Food & drink
Okonomiyaki restaurant,Food & drink
Ramen restaurant,Food & drink
Shabu-shabu restaurant,Food & drink
Soba restaurant,Food & drink
Sukiyaki restaurant,Food & drink
Sushi restaurant,Food & drink
Takoyaki restaurant,Food & drink
Tempura restaurant,Food & drink
Teppanyaki restaurant,Food & drink
Tonkatsu restaurant,Food & drink
Udon restaurant,Food & drink
Unagi restaurant,Food & drink
Wagashi restaurant,Food & drink
Yakiniku restaurant,Food & drink
Yakitori restaurant,Food & drink
Yoshoku restaurant,Food & drink
Korean restaurant,Food & drink
Bossam/Jokbal restaurant,Food & drink
Bunsik restaurant,Food & drink
Gukbap restaurant,Food & drink
Janguh restaurant,Food & drink
Samgyetang restaurant,Food & drink
Malaysian restaurant,Food & drink
Mongolian restaurant,Food & drink
Noodle house,Food & drink
Singaporean restaurant,Food & drink
Taiwanese restaurant,Food & drink
Thai restaurant,Food & drink
Vietnamese restaurant,Food & drink
Pho restaurant,Food & drink
Australian restaurant,Food & drink
Austrian restaurant,Food & drink
Bar & grill,Food & drink
Barbecue restaurant,Food & drink
Basque restaurant,Food & drink
Belgian restaurant,Food & drink
Breakfast & brunch restaurant,Food & drink
British restaurant,Food & drink
Buffet restaurant,Food & drink
Burger restaurant,Food & drink
Cajun & creole restaurant,Food & drink
Canadian restaurant,Food & drink
Caribbean restaurant,Food & drink
Dominican restaurant,Food & drink
Haitian restaurant,Food & drink
Jamaican restaurant,Food & drink
Trinidadian restaurant,Food & drink
Catalan restaurant,Food & drink
Chicken shop,Food & drink
Comfort food restaurant,Food & drink
Continental restaurant,Food & drink
Crêperie,Food & drink
Czech restaurant,Food & drink
Diner,Food & drink
Drive-in restaurant,Food & drink
Eastern European restaurant,Food & drink
Belarusian restaurant,Food & drink
Bulgarian restaurant,Food & drink
Romanian restaurant,Food & drink
Tatar restaurant,Food & drink
Egyptian restaurant,Food & drink
European restaurant,Food & drink
Family-style restaurant,Food & drink
Fast food restaurant,Food & drink
Fish and chips restaurant,Food & drink
Fondue restaurant,Food & drink
French restaurant,Food & drink
Gastropub,Food & drink
German restaurant,Food & drink
Baden restaurant,Food & drink
Bavarian restaurant,Food & drink
Hessian restaurant,Food & drink
Palatine restaurant,Food & drink
Saxon restaurant,Food & drink
Swabian restaurant,Food & drink
Gluten-free restaurant,Food & drink
Halal restaurant,Food & drink
Hawaiian restaurant,Food & drink
Poke Restaurant,Food & drink
Health food restaurant,Food & drink
Himalayan restaurant,Food & drink
Hot dog restaurant,Food & drink
Hungarian restaurant,Food & drink
Iberian restaurant,Food & drink
Indian restaurant,Food & drink
Andhra restaurant,Food & drink
Awadhi restaurant,Food & drink
Bengali/Bangladeshi restaurant,Food & drink
Chaat place,Food & drink
Chettinad restaurant,Food & drink
Dhaba restaurant,Food & drink
Dosa restaurant,Food & drink
Goan restaurant,Food & drink
Gujarati restaurant,Food & drink
Hyderabadi restaurant,Food & drink
Indian Chinese restaurant,Food & drink
Iranian restaurant,Food & drink
Jain restaurant,Food & drink
Karnataka restaurant,Food & drink
Kashmiri restaurant,Food & drink
Kerala restaurant,Food & drink
Maharashtrian restaurant,Food & drink
Mughalai restaurant,Food & drink
North Indian restaurant,Food & drink
Parsi restaurant,Food & drink
Punjabi restaurant,Food & drink
Rajasthani restaurant,Food & drink
South Indian restaurant,Food & drink
Tamilian restaurant,Food & drink
Udupi restaurant,Food & drink
Uttar Pradesh restaurant,Food & drink
Irish restaurant,Food & drink
Italian restaurant,Food & drink
Abruzzo restaurant,Food & drink
Aosta restaurant,Food & drink
Basilicata restaurant,Food & drink
Calabrian restaurant,Food & drink
Emilia-Romagna restaurant,Food & drink
Friuli Venezia Giulia restaurant,Food & drink
Ligurian restaurant,Food & drink
Lombard restaurant,Food & drink
Marché restaurant,Food & drink
Molise restaurant,Food & drink
Neapolitan restaurant,Food & drink
Piedmont restaurant,Food & drink
Puglia restaurant,Food & drink
Roman restaurant,Food & drink
Sardinian restaurant,Food & drink
Sicilian restaurant,Food & drink
South Tyrolean restaurant,Food & drink
Trentino-Alto Adige restaurant,Food & drink
Tuscan restaurant,Food & drink
Umbrian restaurant,Food & drink
Venetian restaurant,Food & drink
Kosher restaurant,Food & drink
Latin American restaurant,Food & drink
Argentinian restaurant,Food & drink
Belizean restaurant,Food & drink
Bolivian restaurant,Food & drink
Brazilian restaurant,Food & drink
Chilean restaurant,Food & drink
Colombian restaurant,Food & drink
Costa Rican restaurant,Food & drink
Cuban restaurant,Food & drink
Ecuadorian restaurant,Food & drink
Guatemalan restaurant,Food & drink
Honduran restaurant,Food & drink
Mexican restaurant,Food & drink
Tex-mex restaurant,Food & drink
Nicaraguan restaurant,Food & drink
Panamanian restaurant,Food & drink
Paraguayan restaurant,Food & drink
Peruvian restaurant,Food & drink
Puerto Rican restaurant,Food & drink
Salvadoran restaurant,Food & drink
Uruguayan restaurant,Food & drink
Venezuelan restaurant,Food & drink
Live & raw food restaurant,Food & drink
Mediterranean restaurant,Food & drink
Greek restaurant,Food & drink
Middle Eastern restaurant,Food & drink
Armenian restaurant,Food & drink
Azerbaijani restaurant,Food & drink
Georgian restaurant,Food & drink
Israeli restaurant,Food & drink
Kurdish restaurant,Food & drink
Lebanese restaurant,Food & drink
Persian/Iranian restaurant,Food & drink
Syrian restaurant,Food & drink
Turkish restaurant,Food & drink
Kebab shop,Food & drink
Modern European restaurant,Food & drink
Molecular gastronomy restaurant,Food & drink
Moroccan restaurant,Food & drink
Nepalese restaurant,Food & drink
New American restaurant,Food & drink
Pakistani restaurant,Food & drink
Pizza place,Food & drink
Polish restaurant,Food & drink
Polynesian restaurant,Food & drink
Portuguese restaurant,Food & drink
Russian restaurant,Food & drink
Salad bar,Food & drink
Scandinavian restaurant,Food & drink
Scottish restaurant,Food & drink
Seafood restaurant,Food & drink
Slovakian restaurant,Food & drink
Soul food restaurant,Food & drink
Soup restaurant,Food & drink
South-western American restaurant,Food & drink
Southern American restaurant,Food & drink
Spanish restaurant,Food & drink
Sri Lankan restaurant,Food & drink
Steakhouse,Food & drink
Swiss restaurant,Food & drink
Taco restaurant,Food & drink
Tapas bar & restaurant,Food & drink
Theme restaurant,Food & drink
Ukrainian restaurant,Food & drink
Uzbek restaurant,Food & drink
Vegetarian/Vegan restaurant,Food & drink
Sandwich shop,Food & drink
Smoothie & juice bar,Food & drink
Snack van,Food & drink
Supermarket/Convenience store,Food & drink
Ethnic food shop,Food & drink
Fish market,Food & drink
Fruit & vegetable shop,Food & drink
Health food shop,Food & drink
Organic food shop,Food & drink
Specialist food shop,Food & drink
Supermarket,Food & drink
Wholesale grocer,Food & drink
"Wine, beer & spirits shop",Food & drink
Home brewing supply shop,Food & drink
Winery/Vineyard,Food & drink
Hotel & B&B,Hotel & B&B
Bed and breakfast,Hotel & B&B
Cabin,Hotel & B&B
Campsite,Hotel & B&B
Caravan park,Hotel & B&B
Cottage,Hotel & B&B
Holiday home rental,Hotel & B&B
Hostel,Hotel & B&B
Hotel,Hotel & B&B
Beach resort,Hotel & B&B
Hotel resort,Hotel & B&B
Inn,Hotel & B&B
Lodge,Hotel & B&B
Motel,Hotel & B&B
Serviced apartments,Hotel & B&B
Legal,Legal
Lawyer & law firm,Legal
Bankruptcy lawyer,Legal
Contract lawyer,Legal
Corporate lawyer,Legal
Criminal lawyer,Legal
Divorce & family lawyer,Legal
Drink-driving solicitor,Legal
Entertainment lawyer,Legal
Estate planning solicitor,Legal
General litigation,Legal
Immigration lawyer,Legal
Intellectual property solicitor,Legal
Internet lawyer,Legal
Juvenile lawyer,Legal
Labour & employment law solicitor,Legal
Landlord & tenant lawyer,Legal
Malpractice solicitor,Legal
Medical lawyer,Legal
Military lawyer,Legal
Personal injury lawyer,Legal
Property lawyer,Legal
Property lawyer,Legal
Tax solicitor,Legal
Legal service,Legal
Bond dealers,Legal
Lobbyist,Legal
Notary public,Legal
Private Investigator,Legal
Process service,Legal
Local service,Local service
Adoption service,Local service
Astrologist,Local service
Astrologist & psychic,Local service
At-home service,Local service
Babysitter,Local service
Childcare service,Local service
Cleaning service,Local service
House sitter,Local service
Maid & butler,Local service
Nanny,Local service
Bicycle repair service,Local service
Bottled water supplier,Local service
Business service,Local service
Business consultant,Local service
Business supplies service,Local service
Caretaking service,Local service
Cargo & freight company,Local service
Consulting agency,Local service
Employment agency,Local service
Recruiter,Local service
Franchising service,Local service
Graphic designer,Local service
Hospitality service,Local service
Management service,Local service
Packaging supplies & service centre,Local service
Personal assistant,Local service
Personal coach,Local service
Secretarial service,Local service
Security guard service,Local service
Shredding service,Local service
Translator,Local service
Uniform supplier,Local service
Vending machine sales and service,Local service
Web designer,Local service
Car park,Local service
Career counsellor,Local service
Computer repair service,Local service
Dating service,Local service
Design & fashion,Local service
Modelling agency,Local service
Dry-cleaner,Local service
Event planner,Local service
Bartending service,Local service
Wedding planning service,Local service
Event space,Local service
Ballroom,Local service
Business centre,Local service
Convention centre,Local service
Wedding venue,Local service
Florist,Local service
Funeral service & cemetery,Local service
Genealogist,Local service
Glass blower,Local service
Home improvement,Local service
Appliance repair service,Local service
Boiler installation & repair service,Local service
"Heating, ventilating & air conditioning service",Local service
Refrigeration service,Local service
Television repair service,Local service
Architectural designer,Local service
Carpenter,Local service
Carpet cleaner,Local service
Chimney sweep,Local service
Concrete contractor,Local service
Construction company,Local service
Contractor,Local service
Damage restoration service,Local service
Deck & patio builder,Local service
Demolition & excavation company,Local service
Electrician,Local service
Fence and gate contractor,Local service
Fire protection service,Local service
Furniture repair & upholstery service,Local service
Garage door service,Local service
Gardener,Local service
Glass service,Local service
Gutter cleaning service,Local service
Handyman,Local service
Home security company,Local service
Home window service,Local service
House painting,Local service
Interior design studio,Local service
Kitchen & bathroom contractor,Local service
Landscape company,Local service
Lift service,Local service
Lumberyard,Local service
Masonry contractor,Local service
Mobile building service,Local service
Paving & asphalt service,Local service
Pest control service,Local service
Plumbing service,Local service
Portable toilet hire,Local service
Powder coating service,Local service
Roofing service,Local service
Sandblasting service,Local service
Septic tank service,Local service
Sewer service,Local service
Solar energy service,Local service
Swimming pool and hot tub service,Local service
Swimming pool cleaner,Local service
Tiling service,Local service
Tree cutting service,Local service
Vinyl cladding company,Local service
Water treatment service,Local service
Well water drilling service,Local service
Window installation service,Local service
Internet café,Local service
Laundromat,Local service
Locksmith,Local service
Party and entertainment service,Local service
Party and entertainment service,Local service
Adult entertainment service,Local service
Children's entertainment service,Local service
DJ,Local service
Magician,Local service
Pet service,Local service
Animal rescue service,Local service
Animal shelter,Local service
Dog boarding kennel,Local service
Dog trainer,Local service
Dog walker,Local service
Horse trainer,Local service
Kennel,Local service
Livery stable,Local service
Pet adoption service,Local service
Pet breeder,Local service
Dog breeder,Local service
Pet groomer,Local service
Pet sitter,Local service
Taxidermist,Local service
Veterinarian,Local service
Photography and videography,Local service
Amateur photographer,Local service
Camera shop,Local service
Event photographer,Local service
Event videographer,Local service
Photo booth service,Local service
Photographer,Local service
Printing service,Local service
Screen printing & embroidery,Local service
Signs & banner service,Local service
Scrap yard,Local service
Sewing and alterations,Local service
Shoe repair shop,Local service
Storage and removals service,Local service
Home removal company,Local service
Self-storage facility,Local service
Storage facility,Local service
Weight loss centre,Local service
Writing service,Local service
Media/news company,Media/news company
Animation studio,Media/news company
Book & magazine distributor,Media/news company
Broadcasting & media production company,Media/news company
Film/Television studio,Media/news company
Game publisher,Media/news company
Music production studio,Media/news company
Publisher,Media/news company
Radio station,Media/news company
Social media company,Media/news company
Medical & health,Medical & health
Dentist & dental surgery,Medical & health
Cosmetic dentist,Medical & health
Endodontist,Medical & health
General dentist,Medical & health
Oral surgeon,Medical & health
Orthodontist,Medical & health
Paediatric dentist,Medical & health
Periodontist,Medical & health
Prosthodontist,Medical & health
Teeth whitening service,Medical & health
Doctor,Medical & health
Allergist,Medical & health
Anaesthetist,Medical & health
Audiologist,Medical & health
Cardiologist,Medical & health
Dermatologist,Medical & health
Endocrinologist,Medical & health
Fertility doctor,Medical & health
Gastroenterologist,Medical & health
General Practitioner,Medical & health
Gerontologist,Medical & health
Internist (internal medicine),Medical & health
LASIK/Laser eye surgeon,Medical & health
Nephrologist,Medical & health
Neurologist,Medical & health
Neurosurgeon,Medical & health
Obstetrician-gynaecologist,Medical & health
Oncologist,Medical & health
Ophthalmologist,Medical & health
Optometrist,Medical & health
Orthopaedist,Medical & health
Osteopath,Medical & health
Otorhinolaryngologist (ENT surgeon),Medical & health
Paediatrician,Medical & health
Plastic surgeon,Medical & health
Podiatrist,Medical & health
Proctologist,Medical & health
Psychiatrist,Medical & health
Psychologist,Medical & health
Pulmonologist,Medical & health
Radiologist,Medical & health
Rheumatologist,Medical & health
Surgeon,Medical & health
Urologist,Medical & health
Medical centre,Medical & health
AIDS resource centre,Medical & health
Accident and emergency department,Medical & health
Blood donor centre,Medical & health
Crisis Prevention Centre,Medical & health
Diagnostics centre,Medical & health
Dialysis clinic,Medical & health
GP practice,Medical & health
Halfway house,Medical & health
Hospice,Medical & health
Hospital,Medical & health
Maternity clinic,Medical & health
Medical lab,Medical & health
Nursing home,Medical & health
Pregnancy care centre,Medical & health
Retirement and assisted living facility,Medical & health
STD testing centre,Medical & health
Surgical centre,Medical & health
Women's health clinic,Medical & health
Medical device company,Medical & health
Medical equipment manufacturer,Medical & health
Medical equipment supplier,Medical & health
Medical research centre,Medical & health
Medical service,Medical & health
Abortion service,Medical & health
Addiction service,Medical & health
Addiction resources centre,Medical & health
Addiction treatment centre,Medical & health
Alcohol addiction treatment centre,Medical & health
Drug addiction treatment centre,Medical & health
Stop smoking service,Medical & health
Alternative & holistic health service,Medical & health
Acupuncturist,Medical & health
Chiropractor,Medical & health
Massage therapist,Medical & health
Medical cannabis dispensary,Medical & health
Medical spa,Medical & health
Meditation centre,Medical & health
Naturopath,Medical & health
Nutritionist,Medical & health
Reflexologist,Medical & health
Disability service,Medical & health
Emergency rescue service,Medical & health
Healthcare administrator,Medical & health
Home healthcare service,Medical & health
Mental health service,Medical & health
Nursing agency,Medical & health
Orthotics & prosthetics service,Medical & health
Reproductive service,Medical & health
Safety & first aid service,Medical & health
Optician,Medical & health
Pharmaceutical company,Medical & health
Pharmacy/Chemists,Medical & health
Medical supply shop,Medical & health
Vitamin supplement shop,Medical & health
Therapist,Medical & health
Counsellor,Medical & health
Family therapist,Medical & health
Marriage counsellor,Medical & health
Occupational therapist,Medical & health
Physiotherapist,Medical & health
Psychotherapist,Medical & health
Sex therapist,Medical & health
Speech therapist,Medical & health
Speech therapist,Medical & health
Sport psychologist,Medical & health
Non-governmental organisation (NGO),Non-governmental organisation (NGO)
Non-profit organisation,Non-governmental organisation (NGO)
Property,Property
Caravan dealer,Property
Commercial property agent,Property
Escrow service,Property
Estate agent,Property
Home inspector,Property
Home staging service,Property
Housing assistance service,Property
Mortgage brokers,Property
Property company,Property
Property developer,Property
Property investment company,Property
Property management company,Property
Property service,Property
Property title & development,Property
Property valuation,Property
Static caravan park,Property
Public & government service,Public & government service
Child protection service,Public & government service
Community centre,Public & government service
Pensioners centre,Public & government service
Cultural centre,Public & government service
Defence company,Public & government service
Driver and Vehicle Standards Agency,Public & government service
Food bank,Public & government service
Housing & homeless shelter,Public & government service
Law enforcement agency,Public & government service
Library,Public & government service
Passport & visa service,Public & government service
Public service,Public & government service
Public utility company,Public & government service
Electricity provider,Public & government service
Energy company,Public & government service
Internet service provider,Public & government service
Television service provider,Public & government service
Water supply company,Public & government service
Social service,Public & government service
Vehicle registration centre,Public & government service
Waste management company,Public & government service
"Science, technology & engineering","Science, technology & engineering"
Aerospace company,"Science, technology & engineering"
Biotechnology company,"Science, technology & engineering"
Chemical company,"Science, technology & engineering"
Gas & chemical service,"Science, technology & engineering"
Petroleum service,"Science, technology & engineering"
Engineering service,"Science, technology & engineering"
Information technology company,"Science, technology & engineering"
Computer company,"Science, technology & engineering"
Electronics company,"Science, technology & engineering"
Internet company,"Science, technology & engineering"
Software company,"Science, technology & engineering"
Telecommunication company,"Science, technology & engineering"
Cable & satellite company,"Science, technology & engineering"
Robotics company,"Science, technology & engineering"
Solar energy company,"Science, technology & engineering"
Structural engineer,"Science, technology & engineering"
Surveyor,"Science, technology & engineering"
Shopping & retail,Shopping & retail
Antiques shop,Shopping & retail
Apparel & clothing,Shopping & retail
Accessories,Shopping & retail
Bag & suitcase shop,Shopping & retail
Hat shop,Shopping & retail
Jewellery & watches shop,Shopping & retail
Sunglasses & eyewear shop,Shopping & retail
Clothing shop,Shopping & retail
Baby & children's clothing shop,Shopping & retail
Bridal shop,Shopping & retail
Costume shop,Shopping & retail
Lingerie & underwear shop,Shopping & retail
Maternity and nursing clothes shop,Shopping & retail
Men's clothes shop,Shopping & retail
Shoe shop,Shopping & retail
Sportswear shop,Shopping & retail
Swimwear shop,Shopping & retail
Women's clothes shop,Shopping & retail
Arts & crafts shop,Shopping & retail
Auction house,Shopping & retail
Beauty shop,Shopping & retail
Beauty supply shop,Shopping & retail
Cosmetics shop,Shopping & retail
Wig shop,Shopping & retail
Book shop,Shopping & retail
College/university book shop,Shopping & retail
Comic book shop,Shopping & retail
Independent book shop,Shopping & retail
Religious book shop,Shopping & retail
Boutique,Shopping & retail
Charity or second-hand shop,Shopping & retail
Collectibles shop,Shopping & retail
Cultural gift shop,Shopping & retail
Department store,Shopping & retail
Discount shop,Shopping & retail
Duty-free shop,Shopping & retail
E-cigarette shop,Shopping & retail
Educational supply shop,Shopping & retail
Electronics shop,Shopping & retail
Audio-visual equipment shop,Shopping & retail
Computer shop,Shopping & retail
Fabric shop,Shopping & retail
Film & music shop,Shopping & retail
Fireworks retailer,Shopping & retail
Flea market,Shopping & retail
Gift shop,Shopping & retail
Glass & mirror shop,Shopping & retail
Gun shop,Shopping & retail
Hobby shop,Shopping & retail
Home & garden shop,Shopping & retail
Appliance shop,Shopping & retail
Awning supplier,Shopping & retail
Blinds & curtains shop,Shopping & retail
Builders merchants,Shopping & retail
Cabinet & worktop store,Shopping & retail
Carpet & flooring shop,Shopping & retail
Fireplace shop,Shopping & retail
Furniture shop,Shopping & retail
Garden centre,Shopping & retail
Hardware shop,Shopping & retail
Home cinema shop,Shopping & retail
Home goods shop,Shopping & retail
Lighting shop,Shopping & retail
Mattress shop,Shopping & retail
Nursery and garden centre,Shopping & retail
Lottery retailer,Shopping & retail
Mattress wholesaler,Shopping & retail
Mobile phone shop,Shopping & retail
Musical instrument shop,Shopping & retail
Newsagent,Shopping & retail
Night market,Shopping & retail
Office equipment shop,Shopping & retail
Outdoor & sporting goods company,Shopping & retail
Outlet shop,Shopping & retail
Party supply & rental shop,Shopping & retail
Carnival supply shop,Shopping & retail
Pawn shop,Shopping & retail
Pet shop,Shopping & retail
Aquatic pet shop,Shopping & retail
Reptile pet shop,Shopping & retail
Pop-up shop,Shopping & retail
Removals supply shop,Shopping & retail
Rent-to-own shop,Shopping & retail
Restaurant supply shop,Shopping & retail
Retail company,Shopping & retail
Seasonal shop,Shopping & retail
Shopping centre,Shopping & retail
Shopping service,Shopping & retail
Souvenir shop,Shopping & retail
Sporting goods shop,Shopping & retail
Archery shop,Shopping & retail
Bicycle shop,Shopping & retail
Fishing shop,Shopping & retail
Mountain biking shop,Shopping & retail
Outdoor equipment shop,Shopping & retail
Skate shop,Shopping & retail
Ski & snowboard shop,Shopping & retail
Surf shop,Shopping & retail
Superstore,Shopping & retail
Tobacco shop,Shopping & retail
Toy shop,Shopping & retail
Trophies and engraving shop,Shopping & retail
Video games shop,Shopping & retail
Vintage shop,Shopping & retail
Wholesale and supply shop,Shopping & retail
Sport & recreation,Sport & recreation
Sport & fitness instruction,Sport & recreation
Boating/Sailing instructor,Sport & recreation
Coach,Sport & recreation
Fitness trainer,Sport & recreation
Golf instructor,Sport & recreation
Horse riding school,Sport & recreation
Scuba diving instructor,Sport & recreation
Skiing & snowboarding school,Sport & recreation
Swimming instructor,Sport & recreation
Sports & recreation venue,Sport & recreation
ATV recreation park,Sport & recreation
Archery range,Sport & recreation
Badminton court,Sport & recreation
Baseball field,Sport & recreation
Basketball court,Sport & recreation
Batting cage,Sport & recreation
Bowling alley,Sport & recreation
Disc golf course,Sport & recreation
Driving range,Sport & recreation
Equestrian centre,Sport & recreation
Fencing club,Sport & recreation
Fitness venue,Sport & recreation
Boxing studio,Sport & recreation
Cycling studio,Sport & recreation
Dance studio,Sport & recreation
Fitness boot camp,Sport & recreation
Gym/Physical fitness centre,Sport & recreation
Martial arts school,Sport & recreation
Pilates studio,Sport & recreation
Tai chi studio,Sport & recreation
Yoga studio,Sport & recreation
Flyboarding centre,Sport & recreation
Football pitch,Sport & recreation
Go-kart track,Sport & recreation
Golf course & country club,Sport & recreation
Gymnastics centre,Sport & recreation
Hang-gliding centre,Sport & recreation
Hockey pitch/rink,Sport & recreation
Horse riding centre,Sport & recreation
Ice skating rink,Sport & recreation
Kiteboarding centre,Sport & recreation
Laser tag centre,Sport & recreation
Miniature golf course,Sport & recreation
Paddleboarding centre,Sport & recreation
Paintball centre,Sport & recreation
Public swimming pool,Sport & recreation
Racquetball court,Sport & recreation
Rafting/Kayaking centre,Sport & recreation
Recreation centre,Sport & recreation
Rock climbing gym,Sport & recreation
Rodeo,Sport & recreation
Roller-skating rink,Sport & recreation
Rugby field,Sport & recreation
Scuba diving centre,Sport & recreation
Shooting range,Sport & recreation
Shooting/Hunting range,Sport & recreation
Skatepark,Sport & recreation
Ski resort,Sport & recreation
Skydiving centre,Sport & recreation
Squash court,Sport & recreation
Tennis court,Sport & recreation
Volleyball court,Sport & recreation
Sports league,Sport & recreation
Amateur sports league,Sport & recreation
E-sports league,Sport & recreation
Professional sports league,Sport & recreation
School sports league,Sport & recreation
Sports team,Sport & recreation
Amateur sports team,Sport & recreation
E-sports team,Sport & recreation
Professional sports team,Sport & recreation
School sports team,Sport & recreation
"Stadium, arena & sports venue",Sport & recreation
Baseball stadium,Sport & recreation
Basketball arena,Sport & recreation
Cricket ground,Sport & recreation
Football stadium,Sport & recreation
Football stadium,Sport & recreation
Hockey arena,Sport & recreation
Rugby stadium,Sport & recreation
Tennis stadium,Sport & recreation
Track and field stadium,Sport & recreation
Travel & transport,Travel & transport
Airline company,Travel & transport
Airline industry service,Travel & transport
Boat/Ferry company,Travel & transport
Bus route,Travel & transport
Cruise line,Travel & transport
Railway company,Travel & transport
Rental shop,Travel & transport
ATV hire,Travel & transport
Bike hire,Travel & transport
Boat hire,Travel & transport
Canoe and kayak hire,Travel & transport
Car hire,Travel & transport
Exotic car hire,Travel & transport
Jet ski hire,Travel & transport
Motorhome hire,Travel & transport
Scooter hire,Travel & transport
Trailer hire,Travel & transport
Van hire,Travel & transport
Transport interchange,Travel & transport
Airport,Travel & transport
Airport gate,Travel & transport
Airport lounge,Travel & transport
Airport terminal,Travel & transport
Balloon Port,Travel & transport
Bus station,Travel & transport
Heliport,Travel & transport
Public transport stop,Travel & transport
Seaplane base,Travel & transport
Train station,Travel & transport
Light rail station,Travel & transport
Railway station,Travel & transport
Underground station,Travel & transport
Transport service,Travel & transport
Airport shuttle service,Travel & transport
Fishing charter,Travel & transport
Limo service,Travel & transport
Private bus service,Travel & transport
Private plane charter,Travel & transport
Ridesharing service,Travel & transport
School transport service,Travel & transport
Taxi service,Travel & transport
Travel company,Travel & transport
Tour agent,Travel & transport
Architectural tour agency,Travel & transport
Art tour agency,Travel & transport
Boat tour agency,Travel & transport
Bus tour agency,Travel & transport
Eco tour agency,Travel & transport
Food tour agency,Travel & transport
Historical tour agency,Travel & transport
Horse-drawn carriage service,Travel & transport
Hot air balloon tour agency,Travel & transport
Pedicab service,Travel & transport
Sightseeing tour agency,Travel & transport
Tour guide,Travel & transport
Travel agent,Travel & transport
Cruise agency,Travel & transport
Travel service,Travel & transport
Luggage service,Travel & transport
Tourist information centre,Travel & transport
"Vehicle, aircraft and boat","Vehicle, aircraft and boat"
Aviation repair station,"Vehicle, aircraft and boat"
Avionics shop,"Vehicle, aircraft and boat"
Motor vehicle company,"Vehicle, aircraft and boat"
Motorcycle manufacturer,"Vehicle, aircraft and boat"
Vehicle manufacturer,"Vehicle, aircraft and boat"
Vehicle dealership,"Vehicle, aircraft and boat"
ATV dealership,"Vehicle, aircraft and boat"
Aircraft dealership,"Vehicle, aircraft and boat"
Boat dealership,"Vehicle, aircraft and boat"
Car dealership,"Vehicle, aircraft and boat"
Can receive leads,"Vehicle, aircraft and boat"
Commercial Vehicle Dealership,"Vehicle, aircraft and boat"
Electric Vehicle Dealership,"Vehicle, aircraft and boat"
Performance Vehicle Dealership,"Vehicle, aircraft and boat"
Caravan dealership,"Vehicle, aircraft and boat"
Commercial van dealership,"Vehicle, aircraft and boat"
Golf buggy dealership,"Vehicle, aircraft and boat"
Motorbike dealership,"Vehicle, aircraft and boat"
Recreational vehicle dealership,"Vehicle, aircraft and boat"
Vehicle wholesaler,"Vehicle, aircraft and boat"
Vehicle service,"Vehicle, aircraft and boat"
Air quality monitoring site,"Vehicle, aircraft and boat"
Boat service,"Vehicle, aircraft and boat"
Car wash,"Vehicle, aircraft and boat"
Emergency roadside service,"Vehicle, aircraft and boat"
Marine service station,"Vehicle, aircraft and boat"
Motorcycle repair centre,"Vehicle, aircraft and boat"
Motorhome repair centre,"Vehicle, aircraft and boat"
Oil lube & filter service,"Vehicle, aircraft and boat"
Petrol station,"Vehicle, aircraft and boat"
Towing service,"Vehicle, aircraft and boat"
Tyre dealer & repair shop,"Vehicle, aircraft and boat"
Van repair shop,"Vehicle, aircraft and boat"
Vehicle body shop,"Vehicle, aircraft and boat"
Vehicle consultant,"Vehicle, aircraft and boat"
Vehicle customisation shop,"Vehicle, aircraft and boat"
Vehicle delivery service,"Vehicle, aircraft and boat"
Vehicle detailing service,"Vehicle, aircraft and boat"
Vehicle glass service,"Vehicle, aircraft and boat"
Vehicle leasing service,"Vehicle, aircraft and boat"
Vehicle repair shop,"Vehicle, aircraft and boat"
Vehicle restoration service,"Vehicle, aircraft and boat"
Vehicle storage facility,"Vehicle, aircraft and boat"
Vehicle wheel polishing service,"Vehicle, aircraft and boat"
Vehicle window tinting service,"Vehicle, aircraft and boat"
Wheel & rim repair service,"Vehicle, aircraft and boat"
Vehicle shop,"Vehicle, aircraft and boat"
Car stereo shop,"Vehicle, aircraft and boat"
Marine supply shop,"Vehicle, aircraft and boat"
Motorsport shop,"Vehicle, aircraft and boat"
Vehicle parts shop,"Vehicle, aircraft and boat"
Community organisation,Community organisation
Armed forces,Community organisation
Charity organisation,Community organisation
Community group,Community organisation
Country club/Clubhouse,Community organisation
Environmental conservation organisation,Community organisation
Private members club,Community organisation
Religious organisation,Community organisation
Social club,Community organisation
Sorority & fraternity,Community organisation
Sports club,Community organisation
Trade union,Community organisation
Youth organisation,Community organisation
Interest,Interest
Literary arts,Interest
Performance art,Interest
Performing arts,Interest
Science,Interest
Sports,Interest
Visual arts,Interest
Media,Media
Art,Media
Books & magazines,Media
Article,Media
Book,Media
Book genre,Media
Book series,Media
Magazine,Media
Newspaper,Media
Concert tour,Media
Media restoration service,Media
Art restoration service,Media
Music,Media
Album,Media
Choir,Media
Music award,Media
Music chart,Media
Music video,Media
Musical genre,Media
Playlist,Media
Podcast,Media
Record label,Media
Song,Media
Symphony,Media
Show,Media
TV & film,Media
Episode,Media
Film,Media
Film character,Media
Film genre,Media
One-off TV programme,Media
TV,Media
TV Programme,Media
TV channel,Media
TV genre,Media
TV network,Media
TV season,Media
TV/Film award,Media
Video,Media
Theatrical play,Media
Theatrical productions,Media
Non-business places,Non-business places
Campus building,Non-business places
Cash machine/ATM,Non-business places
City infrastructure,Non-business places
Bridge,Non-business places
Canal,Non-business places
Lighthouse,Non-business places
Main road,Non-business places
Marina,Non-business places
Pier,Non-business places
Promenade,Non-business places
Quay,Non-business places
Street,Non-business places
Transport system,Non-business places
Weather station,Non-business places
Landmark & historical place,Landmark & historical place
Monument,Landmark & historical place
Statue & fountain,Landmark & historical place
Locality,Locality
Borough,Locality
Cemetery,Locality
Pet cemetery,Locality
City,Locality
City district,Locality
Congressional district,Locality
Continental region,Locality
Country/region,Locality
County,Locality
Designated market area,Locality
Geo entity,Locality
Harbour,Locality
Large geographical area,Locality
Medium geo area,Locality
Neighbourhood,Locality
Port,Locality
Postal code,Locality
Province,Locality
Region,Locality
Shopping district,Locality
Small geo area,Locality
State,Locality
Sub-neighbourhood,Locality
Time zone,Locality
Town/City,Locality
Township,Locality
Urban area,Locality
Village,Locality
Meeting room,Meeting room
Outdoor recreation,Outdoor recreation
Fairground,Outdoor recreation
Geographical place,Outdoor recreation
Bay,Outdoor recreation
Beach,Outdoor recreation
Cape,Outdoor recreation
Cave,Outdoor recreation
Continent,Outdoor recreation
Desert,Outdoor recreation
Fjord/Loch,Outdoor recreation
Glacier,Outdoor recreation
Hot spring,Outdoor recreation
Island,Outdoor recreation
Lake,Outdoor recreation
Mountain,Outdoor recreation
Ocean,Outdoor recreation
Pond,Outdoor recreation
Reservoir,Outdoor recreation
River,Outdoor recreation
Volcano,Outdoor recreation
Waterfall,Outdoor recreation
Park,Outdoor recreation
Arboretum,Outdoor recreation
Dog park,Outdoor recreation
Field,Outdoor recreation
National forest,Outdoor recreation
National park,Outdoor recreation
Nature reserve,Outdoor recreation
Picnic ground,Outdoor recreation
Playground,Outdoor recreation
Public square,Outdoor recreation
State park,Outdoor recreation
Public garden,Outdoor recreation
Botanical garden,Outdoor recreation
Community garden,Outdoor recreation
Rose garden,Outdoor recreation
Sculpture garden,Outdoor recreation
Recreational spot,Outdoor recreation
Bike trail,Outdoor recreation
Diving spot,Outdoor recreation
Fishing spot,Outdoor recreation
Hiking trail,Outdoor recreation
Rock climbing spot,Outdoor recreation
Snorkelling spot,Outdoor recreation
Surfing spot,Outdoor recreation
Public toilet,Locality
Religious place of worship,Religious place of worship
Assemblies of God,Religious place of worship
Buddhist temple,Religious place of worship
Church,Religious place of worship
African Methodist Episcopal Church,Religious place of worship
Anglican Church,Religious place of worship
Apostolic Church,Religious place of worship
Baptist Church,Religious place of worship
Catholic Church,Religious place of worship
Charismatic Church,Religious place of worship
Christian Church,Religious place of worship
Christian Science Church,Religious place of worship
Church of Christ,Religious place of worship
Church of God,Religious place of worship
Church of Jesus Christ of Latter-day Saints,Religious place of worship
Congregational Church,Religious place of worship
Eastern Orthodox Church,Religious place of worship
Episcopal Church,Religious place of worship
Evangelical Church,Religious place of worship
Full Gospel Church,Religious place of worship
Holiness Church,Religious place of worship
Independent Church,Religious place of worship
Interdenominational Church,Religious place of worship
Lutheran Church,Religious place of worship
Mennonite Church,Religious place of worship
Methodist Church,Religious place of worship
Nazarene Church,Religious place of worship
Non-denominational Church,Religious place of worship
Pentecostal Church,Religious place of worship
Presbyterian Church,Religious place of worship
Seventh Day Adventist Church,Religious place of worship
Convent & monastery,Religious place of worship
Hindu temple,Religious place of worship
Kingdom Hall,Religious place of worship
Mission,Religious place of worship
Mosque,Religious place of worship
Religious centre,Religious place of worship
Sikh temple,Religious place of worship
Synagogue,Religious place of worship
Residence,Residence
Block of flats,Residence
Castle,Residence
Country house,Residence
Fort,Residence
Halls of residence,Residence
Home,Residence
Palace,Residence
Brand,Brand
App Page,Brand
Appliances,Brand
Baby goods/Children's goods,Brand
Bags/Luggage,Brand
Board game,Brand
Brand/company type,Brand
Building materials,Brand
Camera/Photo,Brand
Cars,Brand
Clothing (brand),Brand
Commercial equipment,Brand
Computers (brand),Brand
Electronics,Brand
Furniture,Brand
Games/Toys,Brand
Health/Beauty,Brand
Home decor,Brand
Household supplies,Brand
Jewellery/Watches,Brand
Kitchen/Cooking,Brand
Musical instrument,Brand
Office supplies,Brand
Patio/Garden,Brand
Pet supplies,Brand
Pharmaceuticals,Brand
Phone/Tablet,Brand
Product type,Brand
Product/Service,Brand
Software,Brand
Tools/Equipment,Brand
Video game,Brand
Vitamins/Supplements,Brand
Website,Brand
Arts & humanities website,Brand
Business & economy website,Brand
Computer and Internet website,Brand
E-commerce website,Brand
Education website,Brand
Entertainment website,Brand
Food website,Brand
Health & wellness website,Brand
Home & garden website,Brand
Local & travel website,Brand
News & media website,Brand
Personal blog,Brand
Recreation & sport website,Brand
Reference website,Brand
Regional website,Brand
Science website,Brand
Society & culture website,Brand
Teen & children's website,Brand
Wine/Spirits,Brand
Cause,Cause
Colour,Colour
Community,Community
Course,Education
Cuisine,Food & drink
Diseases,Medical & health
Editorial/opinion,Media
Election,Media
Event,Event
Festival,Event
School fundraiser,Event
Sports event,Event
Exchange programme,Education
Fan Page,Media
Harmonised page,Media
Just for fun,Media
Language,Education
Mood,Interest
Nationality,Interest
Not a business,Interest
Profile,Interest
Satire/parody,Interest
Sport season,Sport & recreation
Surgeries,Medical & health
Ticket sales,Media
Topic,Education
University (US NCES),Education
University status,Education
Work position,Education
Work project,Education
Work status,Education
Public figure,Public figure
Actor,Public figure
Artist,Public figure
Author,Public figure
Band,Public figure
Blogger,Public figure
Chef,Public figure
Comedian,Public figure
Dancer,Public figure
Designer,Public figure
Fashion designer,Public figure
Digital creator,Public figure
Editor,Public figure
Entrepreneur,Public figure
Fashion model,Public figure
Film director,Public figure
Fitness model,Public figure
Gamer,Public figure
Journalist,Public figure
Motivational speaker,Public figure
Musician,Public figure
Musician/Band,Public figure
News personality,Public figure
Orchestra,Public figure
Producer,Public figure
Scientist,Public figure
Spiritual leader,Public figure
Sports promoter,Public figure
Sportsperson,Public figure
Talent agent,Public figure
Video creator,Public figure
Gaming video creator,Public figure
Writer,Public figure